image_path,label
raw/images/33621.jpg,Oil
raw/images/34854.jpg,Oil
raw/images/35209.jpg,Oil
raw/images/36613.jpg,Oil
raw/images/37674.jpg,Other
raw/images/38561.jpg,Oil
raw/images/78283.jpg,Other
raw/images/78294.jpg,Oil
raw/images/78296.jpg,Oil
raw/images/78299.jpg,Oil
raw/images/78301.jpg,Oil
raw/images/78302.jpg,Oil
raw/images/78305.jpg,Oil
raw/images/78306.jpg,Oil
raw/images/78308.jpg,Other
raw/images/78309.jpg,Oil
raw/images/78310.jpg,Oil
raw/images/78311.jpg,Oil
raw/images/78313.jpg,Other
raw/images/78315.jpg,Oil
raw/images/78316.jpg,Oil
raw/images/78318.jpg,Oil
raw/images/78319.jpg,Oil
raw/images/78320.jpg,Oil
raw/images/78322.jpg,Other
raw/images/78323.jpg,Oil
raw/images/78325.jpg,Oil
raw/images/78326.jpg,Other
raw/images/78327.jpg,Other
raw/images/78329.jpg,Other
raw/images/78330.jpg,Oil
raw/images/78331.jpg,Oil
raw/images/78332.jpg,Oil
raw/images/78333.jpg,Oil
raw/images/78335.jpg,Oil
raw/images/78339.jpg,Other
raw/images/78340.jpg,Oil
raw/images/78345.jpg,Other
raw/images/78346.jpg,Oil
raw/images/78347.jpg,Oil
raw/images/78348.jpg,Oil
raw/images/78357.jpg,Other
raw/images/78358.jpg,Oil
raw/images/78360.jpg,Oil
raw/images/78361.jpg,Oil
raw/images/78362.jpg,Other
raw/images/78363.jpg,Other
raw/images/78364.jpg,Other
raw/images/78365.jpg,Other
raw/images/78366.jpg,Oil
raw/images/78367.jpg,Oil
raw/images/78368.jpg,Oil
raw/images/78370.jpg,Oil
raw/images/78371.jpg,Oil
raw/images/78373.jpg,Oil
raw/images/78374.jpg,Other
raw/images/78375.jpg,Oil
raw/images/78376.jpg,Oil
raw/images/78377.jpg,Other
raw/images/78379.jpg,Oil
raw/images/78380.jpg,Oil
raw/images/78381.jpg,Oil
raw/images/78382.jpg,Oil
raw/images/78383.jpg,Oil
raw/images/78385.jpg,Oil
raw/images/78386.jpg,Oil
raw/images/78387.jpg,Oil
raw/images/78389.jpg,Oil
raw/images/78392.jpg,Oil
raw/images/78393.jpg,Other
raw/images/78396.jpg,Other
raw/images/78397.jpg,Oil
raw/images/78398.jpg,Other
raw/images/78399.jpg,Oil
raw/images/78401.jpg,Other
raw/images/78402.jpg,Oil
raw/images/78403.jpg,Oil
raw/images/78406.jpg,Oil
raw/images/78407.jpg,Oil
raw/images/78409.jpg,Oil
raw/images/78411.jpg,Oil
raw/images/78412.jpg,Other
raw/images/78414.jpg,Oil
raw/images/78417.jpg,Oil
raw/images/78419.jpg,Oil
raw/images/78420.jpg,Oil
raw/images/78421.jpg,Oil
raw/images/78423.jpg,Oil
raw/images/78424.jpg,Oil
raw/images/78425.jpg,Oil
raw/images/78426.jpg,Oil
raw/images/78427.jpg,Oil
raw/images/78428.jpg,Oil
raw/images/78432.jpg,Oil
raw/images/78433.jpg,Oil
raw/images/78435.jpg,Other
raw/images/78436.jpg,Oil
raw/images/78438.jpg,Oil
raw/images/78441.jpg,Oil
raw/images/78442.jpg,Oil
raw/images/78443.jpg,Oil
raw/images/78444.jpg,Oil
raw/images/78446.jpg,Oil
raw/images/78448.jpg,Oil
raw/images/78450.jpg,Oil
raw/images/78452.jpg,Oil
raw/images/78454.jpg,Oil
raw/images/78455.jpg,Other
raw/images/78456.jpg,Oil
raw/images/78458.jpg,Other
raw/images/78459.jpg,Oil
raw/images/78460.jpg,Oil
raw/images/78465.jpg,Oil
raw/images/78466.jpg,Oil
raw/images/78467.jpg,Oil
raw/images/78469.jpg,Oil
raw/images/78470.jpg,Oil
raw/images/78471.jpg,Oil
raw/images/78472.jpg,Oil
raw/images/78474.jpg,Oil
raw/images/78475.jpg,Oil
raw/images/78476.jpg,Oil
raw/images/78477.jpg,Oil
raw/images/78478.jpg,Oil
raw/images/78479.jpg,Oil
raw/images/78482.jpg,Other
raw/images/78484.jpg,Oil
raw/images/78485.jpg,Oil
raw/images/78486.jpg,Oil
raw/images/78487.jpg,Oil
raw/images/78488.jpg,Oil
raw/images/78491.jpg,Oil
raw/images/78492.jpg,Other
raw/images/78497.jpg,Oil
raw/images/78498.jpg,Oil
raw/images/78501.jpg,Oil
raw/images/78502.jpg,Oil
raw/images/78503.jpg,Oil
raw/images/78504.jpg,Oil
raw/images/78506.jpg,Oil
raw/images/78507.jpg,Oil
raw/images/78508.jpg,Oil
raw/images/78512.jpg,Oil
raw/images/78515.jpg,Other
raw/images/78518.jpg,Oil
raw/images/78519.jpg,Oil
raw/images/78522.jpg,Other
raw/images/78524.jpg,Oil
raw/images/78525.jpg,Other
raw/images/78526.jpg,Other
raw/images/78528.jpg,Other
raw/images/78529.jpg,Other
raw/images/78530.jpg,Other
raw/images/78531.jpg,Other
raw/images/78532.jpg,Other
raw/images/78533.jpg,Other
raw/images/78534.jpg,Other
raw/images/78535.jpg,Other
raw/images/78536.jpg,Other
raw/images/78537.jpg,Other
raw/images/78538.jpg,Other
raw/images/78539.jpg,Other
raw/images/78540.jpg,Other
raw/images/78541.jpg,Other
raw/images/78542.jpg,Other
raw/images/78543.jpg,Other
raw/images/78544.jpg,Other
raw/images/78545.jpg,Other
raw/images/78546.jpg,Other
raw/images/78547.jpg,Other
raw/images/78548.jpg,Other
raw/images/78549.jpg,Other
raw/images/78550.jpg,Other
raw/images/78551.jpg,Other
raw/images/78552.jpg,Other
raw/images/78553.jpg,Other
raw/images/78554.jpg,Other
raw/images/78555.jpg,Other
raw/images/78556.jpg,Other
raw/images/78557.jpg,Oil
raw/images/78559.jpg,Oil
raw/images/78560.jpg,Oil
raw/images/78562.jpg,Oil
raw/images/78563.jpg,Oil
raw/images/78565.jpg,Oil
raw/images/78568.jpg,Oil
raw/images/78569.jpg,Oil
raw/images/78570.jpg,Other
raw/images/78571.jpg,Oil
raw/images/78573.jpg,Oil
raw/images/78574.jpg,Oil
raw/images/78575.jpg,Oil
raw/images/78576.jpg,Oil
raw/images/78577.jpg,Oil
raw/images/78578.jpg,Oil
raw/images/78579.jpg,Oil
raw/images/78580.jpg,Oil
raw/images/78581.jpg,Oil
raw/images/78582.jpg,Oil
raw/images/78583.jpg,Other
raw/images/78584.jpg,Other
raw/images/78585.jpg,Oil
raw/images/78586.jpg,Oil
raw/images/78590.jpg,Oil
raw/images/78591.jpg,Oil
raw/images/78594.jpg,Oil
raw/images/78595.jpg,Other
raw/images/78596.jpg,Oil
raw/images/78600.jpg,Other
raw/images/78605.jpg,Other
raw/images/78610.jpg,Other
raw/images/78613.jpg,Oil
raw/images/78616.jpg,Oil
raw/images/78617.jpg,Other
raw/images/78619.jpg,Oil
raw/images/78620.jpg,Oil
raw/images/78621.jpg,Oil
raw/images/78622.jpg,Oil
raw/images/78623.jpg,Oil
raw/images/78626.jpg,Other
raw/images/78627.jpg,Oil
raw/images/78630.jpg,Oil
raw/images/78631.jpg,Oil
raw/images/78632.jpg,Oil
raw/images/78633.jpg,Oil
raw/images/78634.jpg,Oil
raw/images/78637.jpg,Other
raw/images/78638.jpg,Oil
raw/images/78641.jpg,Other
raw/images/78642.jpg,Oil
raw/images/78643.jpg,Other
raw/images/78644.jpg,Other
raw/images/78645.jpg,Oil
raw/images/78646.jpg,Oil
raw/images/78647.jpg,Other
raw/images/78648.jpg,Oil
raw/images/78649.jpg,Other
raw/images/78650.jpg,Oil
raw/images/78651.jpg,Oil
raw/images/78652.jpg,Oil
raw/images/78653.jpg,Oil
raw/images/78656.jpg,Oil
raw/images/78657.jpg,Oil
raw/images/78658.jpg,Oil
raw/images/78659.jpg,Oil
raw/images/78660.jpg,Oil
raw/images/78661.jpg,Other
raw/images/78662.jpg,Oil
raw/images/78663.jpg,Oil
raw/images/78664.jpg,Other
raw/images/78665.jpg,Oil
raw/images/78668.jpg,Oil
raw/images/78670.jpg,Oil
raw/images/78674.jpg,Other
raw/images/78676.jpg,Oil
raw/images/78677.jpg,Oil
raw/images/78678.jpg,Oil
raw/images/78681.jpg,Oil
raw/images/78682.jpg,Oil
raw/images/78683.jpg,Oil
raw/images/78684.jpg,Oil
raw/images/78686.jpg,Oil
raw/images/78687.jpg,Oil
raw/images/78688.jpg,Other
raw/images/78689.jpg,Other
raw/images/78690.jpg,Oil
raw/images/78691.jpg,Oil
raw/images/78693.jpg,Other
raw/images/78694.jpg,Oil
raw/images/78696.jpg,Oil
raw/images/78697.jpg,Oil
raw/images/78698.jpg,Oil
raw/images/78699.jpg,Oil
raw/images/78701.jpg,Oil
raw/images/78703.jpg,Oil
raw/images/78705.jpg,Other
raw/images/78707.jpg,Oil
raw/images/78708.jpg,Other
raw/images/78709.jpg,Oil
raw/images/78711.jpg,Other
raw/images/78712.jpg,Oil
raw/images/78713.jpg,Oil
raw/images/78714.jpg,Oil
raw/images/78715.jpg,Oil
raw/images/78716.jpg,Oil
raw/images/78718.jpg,Oil
raw/images/78719.jpg,Oil
raw/images/78721.jpg,Oil
raw/images/78722.jpg,Oil
raw/images/78723.jpg,Oil
raw/images/78727.jpg,Oil
raw/images/78728.jpg,Other
raw/images/78729.jpg,Oil
raw/images/78730.jpg,Oil
raw/images/78731.jpg,Oil
raw/images/78733.jpg,Other
raw/images/78734.jpg,Oil
raw/images/78735.jpg,Oil
raw/images/78736.jpg,Oil
raw/images/78737.jpg,Oil
raw/images/78738.jpg,Oil
raw/images/78739.jpg,Other
raw/images/78740.jpg,Oil
raw/images/78742.jpg,Oil
raw/images/78743.jpg,Oil
raw/images/78744.jpg,Oil
raw/images/78745.jpg,Oil
raw/images/78746.jpg,Oil
raw/images/78747.jpg,Other
raw/images/78748.jpg,Oil
raw/images/78749.jpg,Other
raw/images/78750.jpg,Oil
raw/images/78751.jpg,Oil
raw/images/78752.jpg,Oil
raw/images/78753.jpg,Other
raw/images/78754.jpg,Other
raw/images/78756.jpg,Oil
raw/images/78761.jpg,Oil
raw/images/78762.jpg,Oil
raw/images/78766.jpg,Oil
raw/images/78768.jpg,Oil
raw/images/78772.jpg,Oil
raw/images/78773.jpg,Oil
raw/images/78775.jpg,Oil
raw/images/78776.jpg,Oil
raw/images/78778.jpg,Other
raw/images/78779.jpg,Other
raw/images/78780.jpg,Oil
raw/images/78781.jpg,Oil
raw/images/78782.jpg,Oil
raw/images/78783.jpg,Other
raw/images/78784.jpg,Oil
raw/images/78787.jpg,Oil
raw/images/78788.jpg,Oil
raw/images/78790.jpg,Oil
raw/images/78791.jpg,Other
raw/images/78792.jpg,Oil
raw/images/78793.jpg,Oil
raw/images/78795.jpg,Other
raw/images/78797.jpg,Other
raw/images/78799.jpg,Other
raw/images/78800.jpg,Other
raw/images/78802.jpg,Other
raw/images/78803.jpg,Other
raw/images/78805.jpg,Other
raw/images/78806.jpg,Oil
raw/images/78807.jpg,Oil
raw/images/78808.jpg,Other
raw/images/78810.jpg,Oil
raw/images/78811.jpg,Oil
raw/images/78812.jpg,Oil
raw/images/78813.jpg,Oil
raw/images/78814.jpg,Other
raw/images/78815.jpg,Other
raw/images/78816.jpg,Other
raw/images/78819.jpg,Oil
raw/images/78820.jpg,Oil
raw/images/78822.jpg,Oil
raw/images/78823.jpg,Oil
raw/images/78824.jpg,Oil
raw/images/78825.jpg,Oil
raw/images/78827.jpg,Oil
raw/images/78828.jpg,Oil
raw/images/78832.jpg,Oil
raw/images/78833.jpg,Oil
raw/images/78834.jpg,Oil
raw/images/78836.jpg,Oil
raw/images/78838.jpg,Oil
raw/images/78839.jpg,Other
raw/images/78840.jpg,Oil
raw/images/78841.jpg,Oil
raw/images/78843.jpg,Oil
raw/images/78844.jpg,Oil
raw/images/78845.jpg,Other
raw/images/78846.jpg,Other
raw/images/78847.jpg,Oil
raw/images/78848.jpg,Oil
raw/images/78851.jpg,Oil
raw/images/78854.jpg,Other
raw/images/78856.jpg,Oil
raw/images/78858.jpg,Oil
raw/images/78860.jpg,Oil
raw/images/78862.jpg,Oil
raw/images/78864.jpg,Oil
raw/images/78865.jpg,Oil
raw/images/78867.jpg,Other
raw/images/78870.jpg,Other
raw/images/78872.jpg,Oil
raw/images/78875.jpg,Oil
raw/images/78877.jpg,Other
raw/images/78878.jpg,Other
raw/images/78879.jpg,Oil
raw/images/78885.jpg,Oil
raw/images/78886.jpg,Oil
raw/images/78889.jpg,Oil
raw/images/78892.jpg,Other
raw/images/78893.jpg,Oil
raw/images/78894.jpg,Other
raw/images/78895.jpg,Oil
raw/images/78896.jpg,Oil
raw/images/78897.jpg,Oil
raw/images/78898.jpg,Oil
raw/images/78900.jpg,Oil
raw/images/78901.jpg,Oil
raw/images/78902.jpg,Oil
raw/images/78904.jpg,Oil
raw/images/78905.jpg,Oil
raw/images/78908.jpg,Oil
raw/images/78909.jpg,Oil
raw/images/78912.jpg,Oil
raw/images/78914.jpg,Oil
raw/images/78915.jpg,Oil
raw/images/78916.jpg,Oil
raw/images/78917.jpg,Oil
raw/images/78918.jpg,Oil
raw/images/78919.jpg,Other
raw/images/78920.jpg,Oil
raw/images/78921.jpg,Other
raw/images/78922.jpg,Oil
raw/images/78923.jpg,Oil
raw/images/78924.jpg,Oil
raw/images/78926.jpg,Oil
raw/images/78928.jpg,Oil
raw/images/78929.jpg,Other
raw/images/78930.jpg,Oil
raw/images/78932.jpg,Other
raw/images/78933.jpg,Oil
raw/images/78934.jpg,Oil
raw/images/78935.jpg,Oil
raw/images/78936.jpg,Oil
raw/images/78937.jpg,Oil
raw/images/78938.jpg,Oil
raw/images/78939.jpg,Oil
raw/images/78942.jpg,Other
raw/images/78943.jpg,Other
raw/images/78944.jpg,Oil
raw/images/78947.jpg,Oil
raw/images/78948.jpg,Oil
raw/images/78950.jpg,Oil
raw/images/78951.jpg,Oil
raw/images/78956.jpg,Oil
raw/images/78957.jpg,Other
raw/images/78960.jpg,Oil
raw/images/78961.jpg,Oil
raw/images/78962.jpg,Oil
raw/images/78963.jpg,Oil
raw/images/78964.jpg,Oil
raw/images/78965.jpg,Other
raw/images/78966.jpg,Oil
raw/images/78968.jpg,Oil
raw/images/78969.jpg,Oil
raw/images/78970.jpg,Oil
raw/images/78971.jpg,Other
raw/images/78972.jpg,Oil
raw/images/78973.jpg,Oil
raw/images/78974.jpg,Oil
raw/images/78975.jpg,Oil
raw/images/78976.jpg,Oil
raw/images/78978.jpg,Oil
raw/images/78979.jpg,Oil
raw/images/78980.jpg,Other
raw/images/78981.jpg,Oil
raw/images/78983.jpg,Oil
raw/images/78984.jpg,Oil
raw/images/78985.jpg,Oil
raw/images/78986.jpg,Oil
raw/images/78987.jpg,Oil
raw/images/78988.jpg,Oil
raw/images/78989.jpg,Oil
raw/images/78991.jpg,Oil
raw/images/78992.jpg,Oil
raw/images/78996.jpg,Oil
raw/images/78997.jpg,Other
raw/images/78998.jpg,Oil
raw/images/79000.jpg,Oil
raw/images/79001.jpg,Oil
raw/images/79002.jpg,Oil
raw/images/79004.jpg,Oil
raw/images/79007.jpg,Oil
raw/images/79008.jpg,Oil
raw/images/79009.jpg,Oil
raw/images/79011.jpg,Oil
raw/images/79012.jpg,Other
raw/images/79013.jpg,Oil
raw/images/79016.jpg,Oil
raw/images/79017.jpg,Oil
raw/images/79018.jpg,Oil
raw/images/79019.jpg,Oil
raw/images/79022.jpg,Oil
raw/images/79023.jpg,Oil
raw/images/79028.jpg,Oil
raw/images/79030.jpg,Oil
raw/images/79031.jpg,Oil
raw/images/79032.jpg,Oil
raw/images/79034.jpg,Oil
raw/images/79037.jpg,Oil
raw/images/79038.jpg,Oil
raw/images/79039.jpg,Oil
raw/images/79040.jpg,Other
raw/images/79041.jpg,Oil
raw/images/79042.jpg,Oil
raw/images/79044.jpg,Oil
raw/images/79045.jpg,Oil
raw/images/79048.jpg,Oil
raw/images/79049.jpg,Oil
raw/images/79050.jpg,Oil
raw/images/79051.jpg,Oil
raw/images/79052.jpg,Oil
raw/images/79058.jpg,Oil
raw/images/79059.jpg,Oil
raw/images/79066.jpg,Oil
raw/images/79067.jpg,Other
raw/images/79068.jpg,Oil
raw/images/79069.jpg,Oil
raw/images/79070.jpg,Oil
raw/images/79071.jpg,Oil
raw/images/79072.jpg,Other
raw/images/79073.jpg,Oil
raw/images/79074.jpg,Oil
raw/images/79075.jpg,Oil
raw/images/79076.jpg,Other
raw/images/79078.jpg,Oil
raw/images/79079.jpg,Oil
raw/images/79080.jpg,Oil
raw/images/79081.jpg,Oil
raw/images/79082.jpg,Oil
raw/images/79083.jpg,Oil
raw/images/79085.jpg,Oil
raw/images/79086.jpg,Oil
raw/images/79088.jpg,Oil
raw/images/79089.jpg,Oil
raw/images/79090.jpg,Oil
raw/images/79091.jpg,Oil
raw/images/79093.jpg,Oil
raw/images/79095.jpg,Oil
raw/images/79098.jpg,Oil
raw/images/79103.jpg,Oil
raw/images/79104.jpg,Other
raw/images/79105.jpg,Oil
raw/images/79106.jpg,Other
raw/images/79107.jpg,Oil
raw/images/79110.jpg,Other
raw/images/79111.jpg,Oil
raw/images/79112.jpg,Oil
raw/images/79116.jpg,Other
raw/images/79117.jpg,Oil
raw/images/79118.jpg,Oil
raw/images/79119.jpg,Oil
raw/images/79121.jpg,Oil
raw/images/79122.jpg,Oil
raw/images/79123.jpg,Other
raw/images/79124.jpg,Oil
raw/images/79125.jpg,Oil
raw/images/79126.jpg,Other
raw/images/79127.jpg,Oil
raw/images/79128.jpg,Other
raw/images/79129.jpg,Oil
raw/images/79130.jpg,Oil
raw/images/79135.jpg,Other
raw/images/79136.jpg,Oil
raw/images/79137.jpg,Other
raw/images/79141.jpg,Oil
raw/images/79143.jpg,Other
raw/images/79144.jpg,Oil
raw/images/79146.jpg,Other
raw/images/79149.jpg,Oil
raw/images/79153.jpg,Oil
raw/images/79154.jpg,Other
raw/images/79156.jpg,Other
raw/images/79157.jpg,Oil
raw/images/79158.jpg,Oil
raw/images/79160.jpg,Oil
raw/images/79161.jpg,Oil
raw/images/79162.jpg,Oil
raw/images/79163.jpg,Other
raw/images/79164.jpg,Oil
raw/images/79166.jpg,Oil
raw/images/79167.jpg,Oil
raw/images/79168.jpg,Other
raw/images/79170.jpg,Oil
raw/images/79171.jpg,Other
raw/images/79172.jpg,Other
raw/images/79173.jpg,Oil
raw/images/79174.jpg,Oil
raw/images/79175.jpg,Oil
raw/images/79176.jpg,Oil
raw/images/79177.jpg,Oil
raw/images/79178.jpg,Oil
raw/images/79179.jpg,Oil
raw/images/79180.jpg,Oil
raw/images/79181.jpg,Oil
raw/images/79182.jpg,Oil
raw/images/79183.jpg,Oil
raw/images/79184.jpg,Other
raw/images/79185.jpg,Oil
raw/images/79186.jpg,Oil
raw/images/79187.jpg,Other
raw/images/79188.jpg,Oil
raw/images/79189.jpg,Oil
raw/images/79193.jpg,Oil
raw/images/79194.jpg,Oil
raw/images/79196.jpg,Oil
raw/images/79197.jpg,Oil
raw/images/79198.jpg,Oil
raw/images/79199.jpg,Oil
raw/images/79200.jpg,Oil
raw/images/79201.jpg,Oil
raw/images/79202.jpg,Oil
raw/images/79203.jpg,Oil
raw/images/79204.jpg,Oil
raw/images/79205.jpg,Oil
raw/images/79206.jpg,Other
raw/images/79208.jpg,Oil
raw/images/79209.jpg,Other
raw/images/79210.jpg,Oil
raw/images/79212.jpg,Other
raw/images/79214.jpg,Oil
raw/images/79215.jpg,Oil
raw/images/79216.jpg,Oil
raw/images/79218.jpg,Other
raw/images/79219.jpg,Oil
raw/images/79220.jpg,Oil
raw/images/79221.jpg,Other
raw/images/79222.jpg,Other
raw/images/79223.jpg,Other
raw/images/79224.jpg,Oil
raw/images/79225.jpg,Oil
raw/images/79226.jpg,Oil
raw/images/79227.jpg,Other
raw/images/79228.jpg,Other
raw/images/79229.jpg,Oil
raw/images/79232.jpg,Other
raw/images/79234.jpg,Oil
raw/images/79235.jpg,Oil
raw/images/79237.jpg,Oil
raw/images/79240.jpg,Oil
raw/images/79241.jpg,Oil
raw/images/79242.jpg,Other
raw/images/79245.jpg,Oil
raw/images/79248.jpg,Other
raw/images/79249.jpg,Oil
raw/images/79250.jpg,Oil
raw/images/79251.jpg,Other
raw/images/79253.jpg,Oil
raw/images/79254.jpg,Oil
raw/images/79255.jpg,Other
raw/images/79256.jpg,Oil
raw/images/79260.jpg,Oil
raw/images/79262.jpg,Other
raw/images/79263.jpg,Oil
raw/images/79265.jpg,Oil
raw/images/79266.jpg,Oil
raw/images/79267.jpg,Oil
raw/images/79268.jpg,Oil
raw/images/79269.jpg,Oil
raw/images/79270.jpg,Oil
raw/images/79271.jpg,Oil
raw/images/79273.jpg,Oil
raw/images/79275.jpg,Oil
raw/images/79276.jpg,Oil
raw/images/79277.jpg,Oil
raw/images/79278.jpg,Oil
raw/images/79281.jpg,Oil
raw/images/79282.jpg,Other
raw/images/79284.jpg,Oil
raw/images/79285.jpg,Oil
raw/images/79289.jpg,Oil
raw/images/79290.jpg,Oil
raw/images/79292.jpg,Oil
raw/images/79293.jpg,Oil
raw/images/79294.jpg,Oil
raw/images/79296.jpg,Oil
raw/images/79297.jpg,Oil
raw/images/79298.jpg,Oil
raw/images/79300.jpg,Oil
raw/images/79301.jpg,Oil
raw/images/79302.jpg,Oil
raw/images/79303.jpg,Oil
raw/images/79305.jpg,Oil
raw/images/79307.jpg,Oil
raw/images/79309.jpg,Other
raw/images/79310.jpg,Oil
raw/images/79312.jpg,Oil
raw/images/79316.jpg,Oil
raw/images/79319.jpg,Other
raw/images/79320.jpg,Other
raw/images/79321.jpg,Oil
raw/images/79322.jpg,Oil
raw/images/79323.jpg,Oil
raw/images/79324.jpg,Oil
raw/images/79325.jpg,Oil
raw/images/79326.jpg,Oil
raw/images/79328.jpg,Oil
raw/images/79330.jpg,Oil
raw/images/79332.jpg,Oil
raw/images/79333.jpg,Oil
raw/images/79334.jpg,Other
raw/images/79335.jpg,Oil
raw/images/79336.jpg,Other
raw/images/79337.jpg,Oil
raw/images/79338.jpg,Other
raw/images/79339.jpg,Oil
raw/images/79340.jpg,Oil
raw/images/79341.jpg,Oil
raw/images/79342.jpg,Oil
raw/images/79343.jpg,Oil
raw/images/79344.jpg,Other
raw/images/79345.jpg,Oil
raw/images/79347.jpg,Oil
raw/images/79349.jpg,Other
raw/images/79350.jpg,Oil
raw/images/79351.jpg,Oil
raw/images/79352.jpg,Oil
raw/images/79353.jpg,Other
raw/images/79354.jpg,Oil
raw/images/79355.jpg,Oil
raw/images/79357.jpg,Other
raw/images/79358.jpg,Oil
raw/images/79360.jpg,Oil
raw/images/79361.jpg,Oil
raw/images/79362.jpg,Other
raw/images/79363.jpg,Oil
raw/images/79365.jpg,Oil
raw/images/79366.jpg,Oil
raw/images/79367.jpg,Oil
raw/images/79369.jpg,Oil
raw/images/79371.jpg,Oil
raw/images/79372.jpg,Oil
raw/images/79374.jpg,Other
raw/images/79375.jpg,Oil
raw/images/79376.jpg,Oil
raw/images/79377.jpg,Oil
raw/images/79378.jpg,Oil
raw/images/79379.jpg,Oil
raw/images/79380.jpg,Other
raw/images/79382.jpg,Oil
raw/images/79383.jpg,Oil
raw/images/79384.jpg,Oil
raw/images/79387.jpg,Oil
raw/images/79388.jpg,Oil
raw/images/79389.jpg,Other
raw/images/79391.jpg,Oil
raw/images/79393.jpg,Oil
raw/images/79400.jpg,Other
raw/images/79401.jpg,Other
raw/images/79402.jpg,Oil
raw/images/79403.jpg,Other
raw/images/79405.jpg,Oil
raw/images/79409.jpg,Oil
raw/images/79410.jpg,Oil
raw/images/79411.jpg,Oil
raw/images/79413.jpg,Other
raw/images/79414.jpg,Other
raw/images/79415.jpg,Oil
raw/images/79416.jpg,Other
raw/images/79418.jpg,Oil
raw/images/79419.jpg,Oil
raw/images/79420.jpg,Oil
raw/images/79421.jpg,Oil
raw/images/79422.jpg,Oil
raw/images/79423.jpg,Oil
raw/images/79425.jpg,Oil
raw/images/79427.jpg,Oil
raw/images/79429.jpg,Oil
raw/images/79431.jpg,Oil
raw/images/79434.jpg,Oil
raw/images/79435.jpg,Other
raw/images/79436.jpg,Other
raw/images/79437.jpg,Oil
raw/images/79439.jpg,Oil
raw/images/79440.jpg,Oil
raw/images/79443.jpg,Oil
raw/images/79446.jpg,Oil
raw/images/79448.jpg,Oil
raw/images/79449.jpg,Oil
raw/images/79450.jpg,Oil
raw/images/79452.jpg,Oil
raw/images/79453.jpg,Oil
raw/images/79455.jpg,Oil
raw/images/79456.jpg,Oil
raw/images/79458.jpg,Oil
raw/images/79459.jpg,Other
raw/images/79463.jpg,Oil
raw/images/79464.jpg,Oil
raw/images/79466.jpg,Other
raw/images/79467.jpg,Other
raw/images/79468.jpg,Other
raw/images/79469.jpg,Oil
raw/images/79471.jpg,Oil
raw/images/79472.jpg,Oil
raw/images/79473.jpg,Other
raw/images/79474.jpg,Oil
raw/images/79475.jpg,Other
raw/images/79480.jpg,Other
raw/images/79481.jpg,Oil
raw/images/79482.jpg,Oil
raw/images/79483.jpg,Oil
raw/images/79484.jpg,Oil
raw/images/79487.jpg,Oil
raw/images/79489.jpg,Oil
raw/images/79490.jpg,Other
raw/images/79492.jpg,Oil
raw/images/79493.jpg,Oil
raw/images/79494.jpg,Oil
raw/images/79495.jpg,Oil
raw/images/79496.jpg,Oil
raw/images/79499.jpg,Oil
raw/images/79500.jpg,Oil
raw/images/79501.jpg,Oil
raw/images/79502.jpg,Oil
raw/images/79503.jpg,Oil
raw/images/79506.jpg,Oil
raw/images/79507.jpg,Oil
raw/images/79508.jpg,Oil
raw/images/79510.jpg,Oil
raw/images/79511.jpg,Oil
raw/images/79512.jpg,Oil
raw/images/79514.jpg,Oil
raw/images/79515.jpg,Oil
raw/images/79517.jpg,Oil
raw/images/79518.jpg,Other
raw/images/79519.jpg,Oil
raw/images/79520.jpg,Oil
raw/images/79522.jpg,Oil
raw/images/79523.jpg,Oil
raw/images/79525.jpg,Oil
raw/images/79527.jpg,Oil
raw/images/79528.jpg,Oil
raw/images/79531.jpg,Other
raw/images/79532.jpg,Oil
raw/images/79533.jpg,Oil
raw/images/79536.jpg,Oil
raw/images/79537.jpg,Oil
raw/images/79538.jpg,Oil
raw/images/79539.jpg,Oil
raw/images/79540.jpg,Other
raw/images/79541.jpg,Oil
raw/images/79542.jpg,Oil
raw/images/79543.jpg,Oil
raw/images/79544.jpg,Oil
raw/images/79545.jpg,Oil
raw/images/79546.jpg,Other
raw/images/79547.jpg,Oil
raw/images/79548.jpg,Other
raw/images/79550.jpg,Other
raw/images/79551.jpg,Oil
raw/images/79553.jpg,Other
raw/images/79554.jpg,Oil
raw/images/79555.jpg,Oil
raw/images/79556.jpg,Other
raw/images/79557.jpg,Oil
raw/images/79558.jpg,Other
raw/images/79560.jpg,Oil
raw/images/79561.jpg,Other
raw/images/79562.jpg,Oil
raw/images/79563.jpg,Oil
raw/images/79564.jpg,Oil
raw/images/79565.jpg,Oil
raw/images/79568.jpg,Oil
raw/images/79570.jpg,Other
raw/images/79572.jpg,Other
raw/images/79573.jpg,Other
raw/images/79574.jpg,Other
raw/images/79576.jpg,Other
raw/images/79577.jpg,Other
raw/images/79578.jpg,Other
raw/images/79579.jpg,Other
raw/images/79580.jpg,Other
raw/images/79581.jpg,Other
raw/images/79582.jpg,Other
raw/images/79583.jpg,Other
raw/images/79584.jpg,Other
raw/images/79586.jpg,Oil
raw/images/79587.jpg,Oil
raw/images/79588.jpg,Oil
raw/images/79589.jpg,Oil
raw/images/79590.jpg,Other
raw/images/79594.jpg,Other
raw/images/79595.jpg,Oil
raw/images/79596.jpg,Oil
raw/images/79597.jpg,Oil
raw/images/79598.jpg,Other
raw/images/79600.jpg,Other
raw/images/79601.jpg,Other
raw/images/79602.jpg,Other
raw/images/79603.jpg,Other
raw/images/79604.jpg,Other
raw/images/79605.jpg,Oil
raw/images/79607.jpg,Oil
raw/images/79608.jpg,Oil
raw/images/79610.jpg,Oil
raw/images/79611.jpg,Other
raw/images/79614.jpg,Other
raw/images/79616.jpg,Oil
raw/images/79618.jpg,Oil
raw/images/79619.jpg,Oil
raw/images/79620.jpg,Oil
raw/images/79621.jpg,Oil
raw/images/79623.jpg,Oil
raw/images/79624.jpg,Oil
raw/images/79625.jpg,Oil
raw/images/79630.jpg,Oil
raw/images/79633.jpg,Oil
raw/images/79634.jpg,Oil
raw/images/79635.jpg,Other
raw/images/79636.jpg,Oil
raw/images/79637.jpg,Other
raw/images/79639.jpg,Oil
raw/images/79640.jpg,Oil
raw/images/79643.jpg,Oil
raw/images/79644.jpg,Other
raw/images/79645.jpg,Oil
raw/images/79646.jpg,Oil
raw/images/79647.jpg,Other
raw/images/79648.jpg,Other
raw/images/79649.jpg,Oil
raw/images/79652.jpg,Other
raw/images/79653.jpg,Other
raw/images/79656.jpg,Oil
raw/images/79657.jpg,Oil
raw/images/79658.jpg,Other
raw/images/79659.jpg,Oil
raw/images/79660.jpg,Oil
raw/images/79662.jpg,Oil
raw/images/79663.jpg,Oil
raw/images/79665.jpg,Oil
raw/images/79666.jpg,Oil
raw/images/79667.jpg,Oil
raw/images/79668.jpg,Oil
raw/images/79669.jpg,Other
raw/images/79670.jpg,Oil
raw/images/79672.jpg,Oil
raw/images/79673.jpg,Oil
raw/images/79674.jpg,Oil
raw/images/79675.jpg,Oil
raw/images/79676.jpg,Oil
raw/images/79678.jpg,Oil
raw/images/79680.jpg,Oil
raw/images/79681.jpg,Other
raw/images/79683.jpg,Oil
raw/images/79684.jpg,Oil
raw/images/79686.jpg,Oil
raw/images/79687.jpg,Oil
raw/images/79688.jpg,Other
raw/images/79690.jpg,Oil
raw/images/79691.jpg,Oil
raw/images/79693.jpg,Oil
raw/images/79695.jpg,Oil
raw/images/79696.jpg,Oil
raw/images/79697.jpg,Other
raw/images/79699.jpg,Other
raw/images/79700.jpg,Oil
raw/images/79701.jpg,Other
raw/images/79703.jpg,Other
raw/images/79708.jpg,Oil
raw/images/79709.jpg,Other
raw/images/79710.jpg,Oil
raw/images/79711.jpg,Oil
raw/images/79712.jpg,Oil
raw/images/79713.jpg,Oil
raw/images/79714.jpg,Oil
raw/images/79715.jpg,Other
raw/images/79717.jpg,Oil
raw/images/79720.jpg,Oil
raw/images/79721.jpg,Oil
raw/images/79724.jpg,Other
raw/images/79725.jpg,Oil
raw/images/79727.jpg,Oil
raw/images/79730.jpg,Other
raw/images/79731.jpg,Oil
raw/images/79732.jpg,Other
raw/images/79734.jpg,Other
raw/images/79735.jpg,Other
raw/images/79736.jpg,Oil
raw/images/79737.jpg,Other
raw/images/79738.jpg,Other
raw/images/79739.jpg,Oil
raw/images/79740.jpg,Oil
raw/images/79741.jpg,Oil
raw/images/79742.jpg,Other
raw/images/79743.jpg,Oil
raw/images/79744.jpg,Oil
raw/images/79746.jpg,Other
raw/images/79748.jpg,Oil
raw/images/79749.jpg,Other
raw/images/79751.jpg,Oil
raw/images/79752.jpg,Oil
raw/images/79755.jpg,Oil
raw/images/79756.jpg,Oil
raw/images/79758.jpg,Oil
raw/images/79759.jpg,Oil
raw/images/79762.jpg,Oil
raw/images/79763.jpg,Oil
raw/images/79764.jpg,Oil
raw/images/79765.jpg,Oil
raw/images/79766.jpg,Oil
raw/images/79768.jpg,Oil
raw/images/79770.jpg,Oil
raw/images/79771.jpg,Other
raw/images/79773.jpg,Oil
raw/images/79775.jpg,Oil
raw/images/79778.jpg,Oil
raw/images/79779.jpg,Oil
raw/images/79783.jpg,Oil
raw/images/79784.jpg,Oil
raw/images/79785.jpg,Oil
raw/images/79787.jpg,Oil
raw/images/79788.jpg,Other
raw/images/79789.jpg,Oil
raw/images/79790.jpg,Oil
raw/images/79791.jpg,Oil
raw/images/79792.jpg,Oil
raw/images/79793.jpg,Oil
raw/images/79796.jpg,Oil
raw/images/79797.jpg,Oil
raw/images/79798.jpg,Oil
raw/images/79799.jpg,Oil
raw/images/79800.jpg,Other
raw/images/79801.jpg,Oil
raw/images/79802.jpg,Oil
raw/images/79806.jpg,Other
raw/images/79807.jpg,Oil
raw/images/79809.jpg,Other
raw/images/79810.jpg,Oil
raw/images/79812.jpg,Oil
raw/images/79813.jpg,Oil
raw/images/79814.jpg,Other
raw/images/79815.jpg,Other
raw/images/79816.jpg,Oil
raw/images/79818.jpg,Oil
raw/images/79820.jpg,Other
raw/images/79821.jpg,Oil
raw/images/79822.jpg,Oil
raw/images/79823.jpg,Oil
raw/images/79824.jpg,Oil
raw/images/79825.jpg,Oil
raw/images/79827.jpg,Oil
raw/images/79828.jpg,Other
raw/images/79829.jpg,Other
raw/images/79832.jpg,Other
raw/images/79833.jpg,Oil
raw/images/79836.jpg,Oil
raw/images/79838.jpg,Other
raw/images/79839.jpg,Oil
raw/images/79840.jpg,Other
raw/images/79842.jpg,Other
raw/images/79845.jpg,Oil
raw/images/79846.jpg,Oil
raw/images/79847.jpg,Oil
raw/images/79848.jpg,Oil
raw/images/79849.jpg,Oil
raw/images/79851.jpg,Oil
raw/images/79852.jpg,Oil
raw/images/79853.jpg,Oil
raw/images/79854.jpg,Oil
raw/images/79855.jpg,Oil
raw/images/79856.jpg,Oil
raw/images/79859.jpg,Oil
raw/images/79861.jpg,Oil
raw/images/79863.jpg,Oil
raw/images/79864.jpg,Other
raw/images/79865.jpg,Oil
raw/images/79866.jpg,Oil
raw/images/79867.jpg,Oil
raw/images/79868.jpg,Other
raw/images/79869.jpg,Oil
raw/images/79870.jpg,Oil
raw/images/79872.jpg,Oil
raw/images/79873.jpg,Oil
raw/images/79874.jpg,Other
raw/images/79875.jpg,Other
raw/images/79876.jpg,Oil
raw/images/79877.jpg,Oil
raw/images/79878.jpg,Oil
raw/images/79879.jpg,Oil
raw/images/79880.jpg,Oil
raw/images/79881.jpg,Oil
raw/images/79882.jpg,Oil
raw/images/79885.jpg,Other
raw/images/79888.jpg,Other
raw/images/79889.jpg,Other
raw/images/79891.jpg,Other
raw/images/79892.jpg,Other
raw/images/79893.jpg,Oil
raw/images/79895.jpg,Oil
raw/images/79897.jpg,Other
raw/images/79905.jpg,Oil
raw/images/79909.jpg,Other
raw/images/79910.jpg,Other
raw/images/79913.jpg,Other
raw/images/79914.jpg,Oil
raw/images/79916.jpg,Oil
raw/images/79917.jpg,Oil
raw/images/79918.jpg,Oil
raw/images/79921.jpg,Oil
raw/images/79922.jpg,Oil
raw/images/79924.jpg,Other
raw/images/79925.jpg,Other
raw/images/79926.jpg,Oil
raw/images/79927.jpg,Oil
raw/images/79929.jpg,Oil
raw/images/79931.jpg,Oil
raw/images/79933.jpg,Oil
raw/images/79938.jpg,Oil
raw/images/79939.jpg,Oil
raw/images/79942.jpg,Oil
raw/images/79944.jpg,Oil
raw/images/79950.jpg,Oil
raw/images/79951.jpg,Other
raw/images/79952.jpg,Oil
raw/images/79954.jpg,Oil
raw/images/79955.jpg,Oil
raw/images/79958.jpg,Oil
raw/images/79960.jpg,Oil
raw/images/79961.jpg,Other
raw/images/79963.jpg,Oil
raw/images/79966.jpg,Oil
raw/images/79969.jpg,Oil
raw/images/79971.jpg,Oil
raw/images/79973.jpg,Oil
raw/images/79974.jpg,Oil
raw/images/79975.jpg,Oil
raw/images/79978.jpg,Oil
raw/images/79980.jpg,Oil
raw/images/79982.jpg,Oil
raw/images/79983.jpg,Oil
raw/images/79984.jpg,Oil
raw/images/79985.jpg,Oil
raw/images/79986.jpg,Other
raw/images/79987.jpg,Oil
raw/images/79988.jpg,Oil
raw/images/79990.jpg,Oil
raw/images/79992.jpg,Oil
raw/images/79993.jpg,Oil
raw/images/79994.jpg,Oil
raw/images/79995.jpg,Oil
raw/images/79996.jpg,Oil
raw/images/79997.jpg,Oil
raw/images/80000.jpg,Oil
raw/images/80002.jpg,Oil
raw/images/80004.jpg,Oil
raw/images/80006.jpg,Oil
raw/images/80007.jpg,Other
raw/images/80008.jpg,Oil
raw/images/80009.jpg,Oil
raw/images/80011.jpg,Oil
raw/images/80012.jpg,Oil
raw/images/80013.jpg,Oil
raw/images/80015.jpg,Other
raw/images/80016.jpg,Oil
raw/images/80021.jpg,Oil
raw/images/80023.jpg,Oil
raw/images/80024.jpg,Oil
raw/images/80025.jpg,Oil
raw/images/80026.jpg,Oil
raw/images/80027.jpg,Oil
raw/images/80028.jpg,Oil
raw/images/80031.jpg,Oil
raw/images/80035.jpg,Oil
raw/images/80037.jpg,Oil
raw/images/80038.jpg,Oil
raw/images/80040.jpg,Oil
raw/images/80042.jpg,Oil
raw/images/80043.jpg,Oil
raw/images/80044.jpg,Oil
raw/images/80045.jpg,Oil
raw/images/80046.jpg,Oil
raw/images/80047.jpg,Oil
raw/images/80049.jpg,Oil
raw/images/80050.jpg,Oil
raw/images/80051.jpg,Oil
raw/images/80052.jpg,Other
raw/images/80053.jpg,Other
raw/images/80056.jpg,Other
raw/images/80057.jpg,Other
raw/images/80059.jpg,Oil
raw/images/80063.jpg,Oil
raw/images/80064.jpg,Oil
raw/images/80065.jpg,Oil
raw/images/80066.jpg,Oil
raw/images/80068.jpg,Oil
raw/images/80069.jpg,Other
raw/images/80070.jpg,Oil
raw/images/80072.jpg,Oil
raw/images/80074.jpg,Oil
raw/images/80075.jpg,Oil
raw/images/80076.jpg,Oil
raw/images/80077.jpg,Oil
raw/images/80078.jpg,Oil
raw/images/80081.jpg,Oil
raw/images/80082.jpg,Other
raw/images/80083.jpg,Oil
raw/images/80087.jpg,Oil
raw/images/80088.jpg,Other
raw/images/80091.jpg,Oil
raw/images/80092.jpg,Oil
raw/images/80094.jpg,Oil
raw/images/80096.jpg,Oil
raw/images/80098.jpg,Oil
raw/images/80099.jpg,Oil
raw/images/80100.jpg,Oil
raw/images/80102.jpg,Oil
raw/images/80103.jpg,Other
raw/images/80104.jpg,Oil
raw/images/80106.jpg,Other
raw/images/80108.jpg,Oil
raw/images/80110.jpg,Other
raw/images/80111.jpg,Oil
raw/images/80114.jpg,Oil
raw/images/80115.jpg,Oil
raw/images/80116.jpg,Oil
raw/images/80117.jpg,Oil
raw/images/80118.jpg,Other
raw/images/80121.jpg,Oil
raw/images/80124.jpg,Oil
raw/images/80126.jpg,Other
raw/images/80127.jpg,Oil
raw/images/80129.jpg,Other
raw/images/80130.jpg,Oil
raw/images/80131.jpg,Oil
raw/images/80135.jpg,Oil
raw/images/80136.jpg,Oil
raw/images/80137.jpg,Oil
raw/images/80138.jpg,Oil
raw/images/80139.jpg,Other
raw/images/80143.jpg,Oil
raw/images/80144.jpg,Other
raw/images/80145.jpg,Oil
raw/images/80146.jpg,Oil
raw/images/80147.jpg,Oil
raw/images/80150.jpg,Oil
raw/images/80151.jpg,Other
raw/images/80153.jpg,Oil
raw/images/80157.jpg,Oil
raw/images/80158.jpg,Oil
raw/images/80160.jpg,Oil
raw/images/80161.jpg,Oil
raw/images/80162.jpg,Oil
raw/images/80165.jpg,Oil
raw/images/80166.jpg,Oil
raw/images/80167.jpg,Other
raw/images/80168.jpg,Oil
raw/images/80169.jpg,Oil
raw/images/80170.jpg,Oil
raw/images/80171.jpg,Oil
raw/images/80172.jpg,Oil
raw/images/80174.jpg,Oil
raw/images/80175.jpg,Other
raw/images/80176.jpg,Oil
raw/images/80177.jpg,Oil
raw/images/80178.jpg,Other
raw/images/80179.jpg,Other
raw/images/80180.jpg,Other
raw/images/80181.jpg,Oil
raw/images/80182.jpg,Oil
raw/images/80184.jpg,Other
raw/images/80186.jpg,Oil
raw/images/80187.jpg,Other
raw/images/80189.jpg,Other
raw/images/80190.jpg,Oil
raw/images/80191.jpg,Oil
raw/images/80192.jpg,Oil
raw/images/80198.jpg,Oil
raw/images/80199.jpg,Oil
raw/images/80200.jpg,Oil
raw/images/80202.jpg,Oil
raw/images/80204.jpg,Oil
raw/images/80205.jpg,Other
raw/images/80207.jpg,Oil
raw/images/80208.jpg,Oil
raw/images/80210.jpg,Oil
raw/images/80211.jpg,Oil
raw/images/80213.jpg,Oil
raw/images/80216.jpg,Oil
raw/images/80217.jpg,Other
raw/images/80219.jpg,Oil
raw/images/80220.jpg,Oil
raw/images/80221.jpg,Other
raw/images/80222.jpg,Oil
raw/images/80223.jpg,Oil
raw/images/80225.jpg,Oil
raw/images/80227.jpg,Oil
raw/images/80230.jpg,Oil
raw/images/80231.jpg,Oil
raw/images/80234.jpg,Oil
raw/images/80235.jpg,Oil
raw/images/80237.jpg,Oil
raw/images/80241.jpg,Oil
raw/images/80243.jpg,Oil
raw/images/80246.jpg,Oil
raw/images/80249.jpg,Oil
raw/images/80252.jpg,Oil
raw/images/80255.jpg,Other
raw/images/80256.jpg,Oil
raw/images/80257.jpg,Other
raw/images/80258.jpg,Oil
raw/images/80259.jpg,Oil
raw/images/80260.jpg,Oil
raw/images/80262.jpg,Oil
raw/images/80266.jpg,Oil
raw/images/80267.jpg,Other
raw/images/80269.jpg,Oil
raw/images/80271.jpg,Oil
raw/images/80273.jpg,Other
raw/images/80274.jpg,Oil
raw/images/80275.jpg,Other
raw/images/80277.jpg,Oil
raw/images/80278.jpg,Other
raw/images/80279.jpg,Oil
raw/images/80280.jpg,Oil
raw/images/80285.jpg,Other
raw/images/80287.jpg,Oil
raw/images/80290.jpg,Other
raw/images/80294.jpg,Oil
raw/images/80298.jpg,Oil
raw/images/80300.jpg,Oil
raw/images/80304.jpg,Other
raw/images/80308.jpg,Oil
raw/images/80310.jpg,Oil
raw/images/80314.jpg,Oil
raw/images/80315.jpg,Oil
raw/images/80316.jpg,Other
raw/images/80317.jpg,Oil
raw/images/80319.jpg,Oil
raw/images/80320.jpg,Oil
raw/images/80321.jpg,Oil
raw/images/80323.jpg,Other
raw/images/80324.jpg,Other
raw/images/80325.jpg,Oil
raw/images/80327.jpg,Other
raw/images/80328.jpg,Oil
raw/images/80329.jpg,Oil
raw/images/80330.jpg,Oil
raw/images/80332.jpg,Oil
raw/images/80333.jpg,Oil
raw/images/80337.jpg,Oil
raw/images/80338.jpg,Oil
raw/images/80340.jpg,Oil
raw/images/80342.jpg,Oil
raw/images/80347.jpg,Oil
raw/images/80348.jpg,Oil
raw/images/80350.jpg,Oil
raw/images/80354.jpg,Oil
raw/images/80357.jpg,Oil
raw/images/80360.jpg,Oil
raw/images/80362.jpg,Oil
raw/images/80367.jpg,Oil
raw/images/80374.jpg,Oil
raw/images/80378.jpg,Oil
raw/images/80380.jpg,Oil
raw/images/80381.jpg,Oil
raw/images/80382.jpg,Oil
raw/images/80383.jpg,Oil
raw/images/80385.jpg,Oil
raw/images/80387.jpg,Oil
raw/images/80388.jpg,Oil
raw/images/80389.jpg,Oil
raw/images/80391.jpg,Oil
raw/images/80393.jpg,Oil
raw/images/80394.jpg,Oil
raw/images/80396.jpg,Oil
raw/images/80397.jpg,Oil
raw/images/80399.jpg,Oil
raw/images/80407.jpg,Other
raw/images/80409.jpg,Oil
raw/images/80410.jpg,Oil
raw/images/80411.jpg,Other
raw/images/80412.jpg,Oil
raw/images/80413.jpg,Oil
raw/images/80414.jpg,Other
raw/images/80418.jpg,Oil
raw/images/80419.jpg,Oil
raw/images/80420.jpg,Other
raw/images/80421.jpg,Other
raw/images/80422.jpg,Oil
raw/images/80423.jpg,Other
raw/images/80424.jpg,Oil
raw/images/80425.jpg,Oil
raw/images/80428.jpg,Oil
raw/images/80430.jpg,Oil
raw/images/80432.jpg,Oil
raw/images/80434.jpg,Oil
raw/images/80436.jpg,Oil
raw/images/80438.jpg,Oil
raw/images/80439.jpg,Other
raw/images/80440.jpg,Other
raw/images/80441.jpg,Other
raw/images/80442.jpg,Other
raw/images/80443.jpg,Other
raw/images/80444.jpg,Other
raw/images/80445.jpg,Other
raw/images/80446.jpg,Other
raw/images/80447.jpg,Other
raw/images/80449.jpg,Other
raw/images/80450.jpg,Other
raw/images/80451.jpg,Other
raw/images/80452.jpg,Other
raw/images/80453.jpg,Oil
raw/images/80454.jpg,Other
raw/images/80455.jpg,Oil
raw/images/80457.jpg,Oil
raw/images/80458.jpg,Oil
raw/images/80460.jpg,Oil
raw/images/80461.jpg,Oil
raw/images/80462.jpg,Oil
raw/images/80463.jpg,Other
raw/images/80464.jpg,Oil
raw/images/80465.jpg,Oil
raw/images/80466.jpg,Oil
raw/images/80467.jpg,Oil
raw/images/80469.jpg,Oil
raw/images/80470.jpg,Oil
raw/images/80471.jpg,Oil
raw/images/80473.jpg,Oil
raw/images/80474.jpg,Other
raw/images/80477.jpg,Other
raw/images/80478.jpg,Oil
raw/images/80480.jpg,Oil
raw/images/80481.jpg,Other
raw/images/80482.jpg,Other
raw/images/80483.jpg,Other
raw/images/80485.jpg,Other
raw/images/80486.jpg,Other
raw/images/80488.jpg,Oil
raw/images/80491.jpg,Oil
raw/images/80492.jpg,Other
raw/images/80493.jpg,Oil
raw/images/80494.jpg,Oil
raw/images/80495.jpg,Oil
raw/images/80496.jpg,Oil
raw/images/80497.jpg,Oil
raw/images/80499.jpg,Oil
raw/images/80500.jpg,Oil
raw/images/80501.jpg,Oil
raw/images/80502.jpg,Oil
raw/images/80503.jpg,Oil
raw/images/80504.jpg,Oil
raw/images/80506.jpg,Oil
raw/images/80507.jpg,Other
raw/images/80508.jpg,Oil
raw/images/80511.jpg,Oil
raw/images/80513.jpg,Oil
raw/images/80514.jpg,Oil
raw/images/80515.jpg,Oil
raw/images/80516.jpg,Oil
raw/images/80517.jpg,Oil
raw/images/80519.jpg,Other
raw/images/80521.jpg,Oil
raw/images/80523.jpg,Other
raw/images/80526.jpg,Oil
raw/images/80527.jpg,Oil
raw/images/80528.jpg,Oil
raw/images/80530.jpg,Oil
raw/images/80531.jpg,Other
raw/images/80532.jpg,Other
raw/images/80533.jpg,Oil
raw/images/80534.jpg,Oil
raw/images/80535.jpg,Other
raw/images/80537.jpg,Oil
raw/images/80538.jpg,Oil
raw/images/80539.jpg,Oil
raw/images/80540.jpg,Oil
raw/images/80541.jpg,Oil
raw/images/80543.jpg,Other
raw/images/80545.jpg,Oil
raw/images/80546.jpg,Oil
raw/images/80547.jpg,Other
raw/images/80548.jpg,Oil
raw/images/80549.jpg,Oil
raw/images/80550.jpg,Oil
raw/images/80551.jpg,Other
raw/images/80552.jpg,Oil
raw/images/80553.jpg,Oil
raw/images/80554.jpg,Oil
raw/images/80555.jpg,Oil
raw/images/80556.jpg,Other
raw/images/80557.jpg,Oil
raw/images/80558.jpg,Oil
raw/images/80559.jpg,Oil
raw/images/80560.jpg,Oil
raw/images/80561.jpg,Oil
raw/images/80564.jpg,Oil
raw/images/80565.jpg,Oil
raw/images/80566.jpg,Oil
raw/images/80567.jpg,Oil
raw/images/80568.jpg,Oil
raw/images/80570.jpg,Oil
raw/images/80571.jpg,Oil
raw/images/80573.jpg,Oil
raw/images/80574.jpg,Oil
raw/images/80576.jpg,Other
raw/images/80577.jpg,Other
raw/images/80578.jpg,Other
raw/images/80579.jpg,Oil
raw/images/80580.jpg,Oil
raw/images/80581.jpg,Oil
raw/images/80582.jpg,Oil
raw/images/80583.jpg,Oil
raw/images/80584.jpg,Oil
raw/images/80585.jpg,Oil
raw/images/80586.jpg,Oil
raw/images/80587.jpg,Oil
raw/images/80588.jpg,Oil
raw/images/80589.jpg,Oil
raw/images/80590.jpg,Oil
raw/images/80591.jpg,Oil
raw/images/80592.jpg,Oil
raw/images/80593.jpg,Oil
raw/images/80594.jpg,Other
raw/images/80595.jpg,Oil
raw/images/80596.jpg,Oil
raw/images/80597.jpg,Oil
raw/images/80598.jpg,Oil
raw/images/80599.jpg,Oil
raw/images/80600.jpg,Oil
raw/images/80602.jpg,Oil
raw/images/80603.jpg,Oil
raw/images/80604.jpg,Other
raw/images/80607.jpg,Oil
raw/images/80608.jpg,Other
raw/images/80609.jpg,Oil
raw/images/80611.jpg,Oil
raw/images/80614.jpg,Oil
raw/images/80615.jpg,Oil
raw/images/80616.jpg,Oil
raw/images/80617.jpg,Oil
raw/images/80618.jpg,Oil
raw/images/80619.jpg,Oil
raw/images/80620.jpg,Other
raw/images/80621.jpg,Other
raw/images/80622.jpg,Oil
raw/images/80623.jpg,Other
raw/images/80624.jpg,Oil
raw/images/80625.jpg,Oil
raw/images/80626.jpg,Oil
raw/images/80627.jpg,Oil
raw/images/80629.jpg,Other
raw/images/80632.jpg,Other
raw/images/80635.jpg,Other
raw/images/80636.jpg,Other
raw/images/80637.jpg,Other
raw/images/80638.jpg,Oil
raw/images/80639.jpg,Oil
raw/images/80642.jpg,Oil
raw/images/80644.jpg,Oil
raw/images/80645.jpg,Other
raw/images/80647.jpg,Oil
raw/images/80649.jpg,Other
raw/images/80650.jpg,Oil
raw/images/80656.jpg,Oil
raw/images/80657.jpg,Oil
raw/images/80658.jpg,Oil
raw/images/80659.jpg,Oil
raw/images/80660.jpg,Oil
raw/images/80668.jpg,Oil
raw/images/80669.jpg,Oil
raw/images/80670.jpg,Oil
raw/images/80671.jpg,Other
raw/images/80676.jpg,Other
raw/images/80679.jpg,Oil
raw/images/80680.jpg,Other
raw/images/80681.jpg,Other
raw/images/80682.jpg,Other
raw/images/80683.jpg,Oil
raw/images/80686.jpg,Oil
raw/images/80690.jpg,Other
raw/images/80691.jpg,Other
raw/images/80692.jpg,Oil
raw/images/80693.jpg,Oil
raw/images/80696.jpg,Oil
raw/images/80697.jpg,Oil
raw/images/80698.jpg,Oil
raw/images/80700.jpg,Oil
raw/images/80702.jpg,Oil
raw/images/80705.jpg,Other
raw/images/80706.jpg,Other
raw/images/80707.jpg,Oil
raw/images/80708.jpg,Oil
raw/images/80709.jpg,Oil
raw/images/80711.jpg,Oil
raw/images/80712.jpg,Other
raw/images/80764.jpg,Other
raw/images/80847.jpg,Other
raw/images/81620.jpg,Oil
raw/images/82208.jpg,Oil
raw/images/82296.jpg,Other
raw/images/82343.jpg,Other
raw/images/82362.jpg,Oil
raw/images/82363.jpg,Oil
raw/images/82377.jpg,Oil
raw/images/82825.jpg,Other
raw/images/82826.jpg,Other
raw/images/84175.jpg,Other
raw/images/84176.jpg,Oil
raw/images/84177.jpg,Oil
raw/images/84178.jpg,Oil
raw/images/84179.jpg,Oil
raw/images/84181.jpg,Oil
raw/images/84182.jpg,Oil
raw/images/84183.jpg,Oil
raw/images/84184.jpg,Oil
raw/images/84185.jpg,Oil
raw/images/84186.jpg,Other
raw/images/84187.jpg,Oil
raw/images/84188.jpg,Oil
raw/images/84190.jpg,Oil
raw/images/84191.jpg,Other
raw/images/84192.jpg,Other
raw/images/84196.jpg,Oil
raw/images/85216.jpg,Other
raw/images/86005.jpg,Oil
raw/images/86628.jpg,Other
raw/images/86629.jpg,Other
raw/images/87099.jpg,Oil
raw/images/88170.jpg,Oil
raw/images/88222.jpg,Other
raw/images/88885.jpg,Oil
raw/images/88960.jpg,Other
raw/images/89254.jpg,Other
raw/images/89538.jpg,Oil
raw/images/89953.jpg,Other
raw/images/89960.jpg,Oil
raw/images/91002.jpg,Other
raw/images/91003.jpg,Other
raw/images/91004.jpg,Other
raw/images/91005.jpg,Other
raw/images/91006.jpg,Other
raw/images/91007.jpg,Other
raw/images/91008.jpg,Other
raw/images/91009.jpg,Other
raw/images/91011.jpg,Other
raw/images/91012.jpg,Other
raw/images/91013.jpg,Other
raw/images/91015.jpg,Other
raw/images/91518.jpg,Oil
raw/images/91765.jpg,Oil
raw/images/91766.jpg,Oil
raw/images/91770.jpg,Oil
raw/images/91772.jpg,Oil
raw/images/91774.jpg,Other
raw/images/91775.jpg,Oil
raw/images/91778.jpg,Other
raw/images/91782.jpg,Oil
raw/images/91783.jpg,Oil
raw/images/91784.jpg,Oil
raw/images/94503.jpg,Oil
raw/images/94953.jpg,Oil
raw/images/95061.jpg,Other
raw/images/95064.jpg,Other
raw/images/95069.jpg,Oil
raw/images/95077.jpg,Oil
raw/images/95086.jpg,Oil
raw/images/95227.jpg,Oil
raw/images/95259.jpg,Oil
raw/images/97963.jpg,Oil
raw/images/98564.jpg,Oil
raw/images/98633.jpg,Oil
raw/images/98635.jpg,Other
raw/images/98636.jpg,Oil
raw/images/98637.jpg,Other
raw/images/98638.jpg,Other
raw/images/98640.jpg,Oil
raw/images/98641.jpg,Oil
raw/images/98800.jpg,Oil
raw/images/99391.jpg,Oil
raw/images/100075.jpg,Oil
raw/images/100187.jpg,Other
raw/images/100188.jpg,Other
raw/images/100199.jpg,Oil
raw/images/100204.jpg,Oil
raw/images/100222.jpg,Oil
raw/images/100223.jpg,Oil
raw/images/100226.jpg,Oil
raw/images/100228.jpg,Other
raw/images/100241.jpg,Oil
raw/images/100248.jpg,Oil
raw/images/100250.jpg,Oil
raw/images/100253.jpg,Oil
raw/images/100254.jpg,Oil
raw/images/100255.jpg,Oil
raw/images/100256.jpg,Oil
raw/images/100257.jpg,Oil
raw/images/100272.jpg,Oil
raw/images/100274.jpg,Oil
raw/images/100276.jpg,Oil
raw/images/100282.jpg,Other
raw/images/100283.jpg,Oil
raw/images/100284.jpg,Oil
raw/images/100285.jpg,Oil
raw/images/100305.jpg,Other
raw/images/100307.jpg,Other
raw/images/100308.jpg,Other
raw/images/100311.jpg,Oil
raw/images/100312.jpg,Oil
raw/images/100339.jpg,Other
raw/images/100341.jpg,Other
raw/images/100342.jpg,Oil
raw/images/100344.jpg,Oil
raw/images/101456.jpg,Other
raw/images/101471.jpg,Other
raw/images/101472.jpg,Other
raw/images/101473.jpg,Oil
raw/images/101476.jpg,Other
raw/images/101478.jpg,Other
raw/images/102056.jpg,Oil
raw/images/102057.jpg,Oil
raw/images/102059.jpg,Other
raw/images/102385.jpg,Oil
raw/images/102407.jpg,Oil
raw/images/102410.jpg,Oil
raw/images/102411.jpg,Oil
raw/images/102413.jpg,Oil
raw/images/102414.jpg,Oil
raw/images/102415.jpg,Oil
raw/images/102416.jpg,Oil
raw/images/102417.jpg,Oil
raw/images/102421.jpg,Oil
raw/images/102745.jpg,Other
raw/images/102746.jpg,Oil
raw/images/102875.jpg,Oil
raw/images/105479.jpg,Oil
raw/images/105764.jpg,Oil
raw/images/105765.jpg,Oil
raw/images/105768.jpg,Other
raw/images/106997.jpg,Other
raw/images/108146.jpg,Other
raw/images/108180.jpg,Other
raw/images/108290.jpg,Other
raw/images/108955.jpg,Oil
raw/images/109483.jpg,Other
raw/images/109945.jpg,Other
raw/images/110906.jpg,Other
raw/images/110907.jpg,Other
raw/images/112201.jpg,Other
raw/images/112469.jpg,Oil
raw/images/114307.jpg,Oil
raw/images/116267.jpg,Oil
raw/images/116275.jpg,Oil
raw/images/116287.jpg,Other
raw/images/116324.jpg,Other
raw/images/117526.jpg,Other
raw/images/118857.jpg,Oil
raw/images/118892.jpg,Other
raw/images/118896.jpg,Other
raw/images/118898.jpg,Other
raw/images/118899.jpg,Other
raw/images/118982.jpg,Other
raw/images/118984.jpg,Oil
raw/images/118992.jpg,Other
raw/images/119047.jpg,Other
raw/images/119080.jpg,Other
raw/images/121971.jpg,Other
raw/images/122661.jpg,Other
raw/images/125097.jpg,Other
raw/images/125098.jpg,Oil
raw/images/125099.jpg,Other
raw/images/125438.jpg,Oil
raw/images/126060.jpg,Oil
raw/images/126302.jpg,Other
raw/images/127573.jpg,Other
raw/images/127575.jpg,Other
raw/images/127858.jpg,Oil
raw/images/127893.jpg,Other
raw/images/127895.jpg,Oil
raw/images/128475.jpg,Other
raw/images/128476.jpg,Oil
raw/images/128898.jpg,Other
raw/images/128931.jpg,Other
raw/images/128932.jpg,Other
raw/images/128934.jpg,Oil
raw/images/128999.jpg,Oil
raw/images/129000.jpg,Other
raw/images/129001.jpg,Other
raw/images/129002.jpg,Oil
raw/images/129354.jpg,Other
raw/images/129355.jpg,Other
raw/images/129356.jpg,Other
raw/images/129357.jpg,Other
raw/images/129386.jpg,Other
raw/images/130598.jpg,Other
raw/images/130627.jpg,Oil
raw/images/130628.jpg,Oil
raw/images/130701.jpg,Other
raw/images/130702.jpg,Other
raw/images/130778.jpg,Oil
raw/images/130834.jpg,Other
raw/images/130864.jpg,Other
raw/images/131368.jpg,Other
raw/images/131369.jpg,Other
raw/images/131508.jpg,Oil
raw/images/134284.jpg,Oil
raw/images/134301.jpg,Other
raw/images/134553.jpg,Other
raw/images/136183.jpg,Oil
raw/images/136184.jpg,Oil
raw/images/137427.jpg,Oil
raw/images/137429.jpg,Other
raw/images/137433.jpg,Other
raw/images/137435.jpg,Other
raw/images/137438.jpg,Other
raw/images/140169.jpg,Oil
raw/images/140482.jpg,Other
raw/images/142585.jpg,Other
raw/images/142586.jpg,Other
raw/images/142588.jpg,Other
raw/images/142589.jpg,Other
raw/images/143627.jpg,Other
raw/images/143629.jpg,Other
raw/images/143630.jpg,Oil
raw/images/143797.jpg,Oil
raw/images/145890.jpg,Oil
raw/images/145954.jpg,Other
raw/images/145956.jpg,Oil
raw/images/146685.jpg,Oil
raw/images/146845.jpg,Oil
raw/images/146900.jpg,Other
raw/images/146911.jpg,Other
raw/images/146919.jpg,Other
raw/images/146941.jpg,Other
raw/images/146943.jpg,Other
raw/images/146952.jpg,Other
raw/images/146989.jpg,Other
raw/images/147008.jpg,Other
raw/images/147065.jpg,Other
raw/images/147069.jpg,Other
raw/images/147099.jpg,Other
raw/images/147102.jpg,Other
raw/images/147626.jpg,Other
raw/images/147940.jpg,Oil
raw/images/147941.jpg,Oil
raw/images/151034.jpg,Oil
raw/images/151036.jpg,Other
raw/images/151037.jpg,Oil
raw/images/151039.jpg,Oil
raw/images/151040.jpg,Oil
raw/images/151045.jpg,Oil
raw/images/151074.jpg,Oil
raw/images/153219.jpg,Other
raw/images/153998.jpg,Oil
raw/images/154312.jpg,Oil
raw/images/154342.jpg,Oil
raw/images/154462.jpg,Other
raw/images/156383.jpg,Other
raw/images/156681.jpg,Other
raw/images/156694.jpg,Other
raw/images/156777.jpg,Oil
raw/images/159569.jpg,Other
raw/images/160207.jpg,Oil
raw/images/160208.jpg,Other
raw/images/161340.jpg,Other
raw/images/161341.jpg,Other
raw/images/161342.jpg,Other
raw/images/161343.jpg,Other
raw/images/161520.jpg,Other
raw/images/163840.jpg,Other
raw/images/163841.jpg,Other
raw/images/163844.jpg,Oil
raw/images/165011.jpg,Oil
raw/images/165595.jpg,Other
raw/images/165800.jpg,Other
raw/images/165883.jpg,Oil
raw/images/165901.jpg,Oil
raw/images/166436.jpg,Other
raw/images/166437.jpg,Other
raw/images/167211.jpg,Other
raw/images/167212.jpg,Other
raw/images/167213.jpg,Other
raw/images/168067.jpg,Other
raw/images/168072.jpg,Oil
raw/images/169715.jpg,Other
raw/images/173188.jpg,Oil
raw/images/173199.jpg,Other
raw/images/173247.jpg,Other
raw/images/173340.jpg,Other
raw/images/173463.jpg,Oil
raw/images/173554.jpg,Other
raw/images/173763.jpg,Oil
raw/images/174295.jpg,Other
raw/images/174937.jpg,Oil
raw/images/174940.jpg,Other
raw/images/175038.jpg,Oil
raw/images/177634.jpg,Other
raw/images/178715.jpg,Oil
raw/images/178824.jpg,Oil
raw/images/179600.jpg,Other
raw/images/180114.jpg,Oil
raw/images/180390.jpg,Other
raw/images/180696.jpg,Other
raw/images/180697.jpg,Other
raw/images/180916.jpg,Oil
raw/images/181109.jpg,Other
raw/images/184593.jpg,Other
raw/images/184718.jpg,Other
raw/images/184725.jpg,Other
raw/images/185740.jpg,Oil
raw/images/186465.jpg,Other
raw/images/186548.jpg,Other
raw/images/186957.jpg,Other
raw/images/187159.jpg,Other
raw/images/187631.jpg,Oil
raw/images/187632.jpg,Oil
raw/images/187633.jpg,Oil
raw/images/188112.jpg,Other
raw/images/189243.jpg,Oil
raw/images/189256.jpg,Other
raw/images/189602.jpg,Oil
raw/images/189603.jpg,Other
raw/images/190023.jpg,Other
raw/images/190112.jpg,Oil
raw/images/191855.jpg,Other
raw/images/191856.jpg,Oil
raw/images/192012.jpg,Oil
raw/images/195562.jpg,Oil
raw/images/196032.jpg,Other
raw/images/196033.jpg,Oil
raw/images/196034.jpg,Oil
raw/images/196036.jpg,Oil
raw/images/196037.jpg,Oil
raw/images/196042.jpg,Other
raw/images/196211.jpg,Other
raw/images/199052.jpg,Other
raw/images/199054.jpg,Other
raw/images/199580.jpg,Other
raw/images/199591.jpg,Other
raw/images/199915.jpg,Oil
raw/images/199917.jpg,Oil
raw/images/199918.jpg,Oil
raw/images/199984.jpg,Oil
raw/images/202415.jpg,Other
raw/images/202454.jpg,Other
raw/images/203530.jpg,Other
raw/images/204116.jpg,Other
raw/images/205919.jpg,Oil
raw/images/205921.jpg,Other
raw/images/205922.jpg,Other
raw/images/205925.jpg,Other
raw/images/205928.jpg,Other
raw/images/205929.jpg,Other
raw/images/205932.jpg,Other
raw/images/205934.jpg,Other
raw/images/205935.jpg,Oil
raw/images/205939.jpg,Other
raw/images/205940.jpg,Oil
raw/images/205950.jpg,Oil
raw/images/205951.jpg,Other
raw/images/205952.jpg,Oil
raw/images/205953.jpg,Oil
raw/images/205954.jpg,Oil
raw/images/205955.jpg,Other
raw/images/205956.jpg,Other
raw/images/205959.jpg,Other
raw/images/205960.jpg,Other
raw/images/205962.jpg,Oil
raw/images/205963.jpg,Other
raw/images/205965.jpg,Oil
raw/images/205966.jpg,Oil
raw/images/205967.jpg,Oil
raw/images/205968.jpg,Other
raw/images/205971.jpg,Other
raw/images/205973.jpg,Other
raw/images/205974.jpg,Oil
raw/images/205975.jpg,Oil
raw/images/205977.jpg,Other
raw/images/205981.jpg,Other
raw/images/205983.jpg,Oil
raw/images/205985.jpg,Oil
raw/images/205986.jpg,Other
raw/images/205989.jpg,Other
raw/images/205992.jpg,Other
raw/images/205996.jpg,Oil
raw/images/205997.jpg,Other
raw/images/205999.jpg,Other
raw/images/206000.jpg,Other
raw/images/206004.jpg,Oil
raw/images/206005.jpg,Oil
raw/images/206006.jpg,Oil
raw/images/206007.jpg,Oil
raw/images/214864.jpg,Other
raw/images/215351.jpg,Oil
raw/images/216210.jpg,Oil
raw/images/216233.jpg,Oil
raw/images/216303.jpg,Other
raw/images/220491.jpg,Other
raw/images/220669.jpg,Oil
raw/images/221486.jpg,Oil
raw/images/221730.jpg,Oil
raw/images/221855.jpg,Other
raw/images/221857.jpg,Other
raw/images/222020.jpg,Other
raw/images/222054.jpg,Other
raw/images/222065.jpg,Other
raw/images/222078.jpg,Other
raw/images/222902.jpg,Other
raw/images/223703.jpg,Oil
raw/images/223704.jpg,Oil
raw/images/273587.jpg,Oil
raw/images/273588.jpg,Oil
raw/images/273596.jpg,Other
raw/images/273648.jpg,Oil
raw/images/275466.jpg,Oil
raw/images/280438.jpg,Oil
raw/images/280439.jpg,Oil
raw/images/282303.jpg,Oil
raw/images/282418.jpg,Oil
raw/images/282453.jpg,Other
raw/images/283373.jpg,Other
raw/images/284354.jpg,Other
raw/images/290434.jpg,Oil
raw/images/290520.jpg,Other
raw/images/290939.jpg,Oil
raw/images/291078.jpg,Other
raw/images/291184.jpg,Other
raw/images/291307.jpg,Oil
raw/images/292571.jpg,Other
raw/images/292572.jpg,Other
raw/images/292573.jpg,Other
raw/images/292574.jpg,Other
raw/images/292668.jpg,Oil
raw/images/293590.jpg,Other
raw/images/293949.jpg,Oil
raw/images/296557.jpg,Oil
raw/images/296570.jpg,Other
raw/images/296571.jpg,Other
raw/images/297800.jpg,Other
raw/images/298508.jpg,Oil
raw/images/298605.jpg,Oil
raw/images/298653.jpg,Other
raw/images/299566.jpg,Oil
raw/images/393384.jpg,Oil
raw/images/402420.jpg,Other
raw/images/402558.jpg,Other
raw/images/403504.jpg,Other
raw/images/403605.jpg,Oil
raw/images/403712.jpg,Oil
raw/images/415339.jpg,Oil
raw/images/415341.jpg,Oil
raw/images/415342.jpg,Oil
raw/images/415343.jpg,Oil